<<<<<<< HEAD
id,name,hp,mp,str,int,def,res,spd,luck,race,class,rarity
1,Link,60,30,15,7,8,8,11,10,1,1,1
2,Young Link,40,30,8,6,5,5,12,25,6,1,2
3,Sheik,50,30,12,7,5,4,12,10,2,5,3
4,Impa,50,60,5,10,4,5,9,10,2,6,4
5,Hylia,100,300,10,18,1,1,4,10,14,3,5
=======
id,name,hp,mp,str,int,def,res,spd,luck,race,class,rarity
1,Link,60,30,15,7,8,8,11,10,1,1,1
2,Young Link,40,30,8,6,5,5,12,25,6,1,2
3,Sheik,50,30,12,7,5,4,12,10,2,5,3
4,Impa,50,60,5,10,4,5,9,10,2,6,4
5,Hylia,100,300,10,18,1,1,4,10,14,3,5
gefghle,
>>>>>>> fb8f8fb6433b4daed61554eb7bd5fdae110ee927
